{"right_wrist": [335.3125, 491.09375], "top_head": [394.0, 295.46875], "right_mouth_corner": [384.21875, 344.375], "neck": [394.0, 363.9375], "left_shoulder": [442.90625, 383.5], "right_knee": [364.65625, 657.375], "left_knee": [433.125, 657.375], "left_mouth_corner": [403.78125, 344.375], "right_elbow": [305.96875, 442.1875], "right_ear": [374.4375, 324.8125], "nose": [394.0, 324.8125], "left_eye": [403.78125, 315.03125], "right_eye": [384.21875, 315.03125], "left_hip": [423.34375, 549.78125], "right_ankle": [364.65625, 755.1875], "right_hip": [374.4375, 549.78125], "left_elbow": [491.8125, 432.40625], "right_shoulder": [345.09375, 383.5], "left_wrist": [462.46875, 491.09375], "left_ear": [413.5625, 324.8125], "left_ankle": [423.34375, 755.1875]}